Location,Cycle Time (Mins),Payment Type ,Risk Level
CAY,280,Urgent,ENH
CAY,270,Urgent,ENH
CAY,266,Urgent,ENH
CUR,251,Non Urgent,ENH
CAY,251,Urgent,ENH
CUR,242,Non Urgent,ENH
CUR,237,Non Urgent,ENH
CUR,237,Non Urgent,ENH
CUR,232,Non Urgent,ENH
CUR,226,Non Urgent,ENH
CUR,226,Non Urgent,ENH
CUR,225,Non Urgent,ENH
CUR,224,Non Urgent,ENH
CUR,222,Non Urgent,ENH
CUR,222,Non Urgent,ENH
CUR,221,Non Urgent,ENH
CUR,219,Non Urgent,ENH
CUR,219,Non Urgent,ENH
CUR,219,Non Urgent,ENH
CUR,218,Non Urgent,ENH
CUR,217,Non Urgent,ENH
CUR,217,Non Urgent,ENH
CUR,217,Non Urgent,ENH
CUR,217,Non Urgent,ENH
CUR,217,Non Urgent,ENH
CUR,216,Non Urgent,ENH
CUR,216,Non Urgent,ENH
CUR,216,Non Urgent,ENH
CUR,216,Non Urgent,ENH
CUR,215,Non Urgent,ENH
CUR,215,Non Urgent,ENH
CUR,215,Non Urgent,ENH
CUR,214,Non Urgent,ENH
CUR,214,Non Urgent,ENH
CUR,214,Non Urgent,ENH
CAY,214,Urgent,ENH
CUR,213,Non Urgent,ENH
CUR,213,Non Urgent,ENH
CUR,213,Non Urgent,ENH
CUR,212,Non Urgent,ENH
CUR,212,Non Urgent,ENH
CUR,212,Non Urgent,ENH
CUR,211,Non Urgent,ENH
CUR,211,Non Urgent,ENH
CUR,211,Non Urgent,ENH
CUR,211,Non Urgent,ENH
CUR,210,Non Urgent,ENH
CAY,209,Urgent,ENH
CUR,209,Non Urgent,ENH
CUR,209,Non Urgent,ENH
CUR,207,Non Urgent,ENH
CUR,207,Non Urgent,ENH
CUR,207,Non Urgent,ENH
CUR,206,Non Urgent,ENH
CUR,206,Non Urgent,ENH
CUR,206,Non Urgent,ENH
CUR,206,Non Urgent,ENH
CAY,206,Non Urgent,ENH
CUR,205,Non Urgent,ENH
CUR,205,Non Urgent,ENH
CUR,205,Non Urgent,ENH
CUR,205,Non Urgent,ENH
CUR,205,Non Urgent,ENH
CUR,205,Non Urgent,ENH
CUR,205,Non Urgent,ENH
CUR,205,Non Urgent,ENH
CUR,204,Non Urgent,ENH
CAY,204,Non Urgent,ENH
CUR,203,Non Urgent,ENH
CUR,203,Non Urgent,ENH
CUR,203,Non Urgent,ENH
CUR,203,Non Urgent,ENH
CUR,203,Non Urgent,ENH
CAY,203,Urgent,ENH
CUR,202,Non Urgent,ENH
CUR,202,Non Urgent,ENH
CUR,202,Non Urgent,ENH
CUR,202,Non Urgent,ENH
CUR,202,Non Urgent,ENH
CUR,202,Non Urgent,ENH
CUR,202,Non Urgent,ENH
CUR,201,Urgent,ENH
CUR,201,Non Urgent,ENH
CUR,201,Non Urgent,ENH
CUR,201,Non Urgent,ENH
CUR,200,Non Urgent,ENH
CUR,200,Non Urgent,ENH
CUR,200,Non Urgent,ENH
CAY,200,Non Urgent,ENH
CAY,200,Non Urgent,ENH
CAY,200,Non Urgent,ENH
CUR,199,Urgent,ENH
CUR,199,Non Urgent,ENH
CUR,199,Non Urgent,ENH
CUR,199,Non Urgent,ENH
CUR,199,Non Urgent,ENH
CAY,199,Non Urgent,ENH
CAY,199,Non Urgent,ENH
CUR,198,Urgent,ENH
CUR,198,Non Urgent,ENH
CAY,198,Non Urgent,ENH
CAY,198,Non Urgent,ENH
CUR,197,Non Urgent,ENH
CUR,197,Non Urgent,ENH
CUR,197,Non Urgent,ENH
CUR,197,Non Urgent,ENH
CAY,197,Non Urgent,ENH
CAY,197,Non Urgent,ENH
CAY,197,Non Urgent,ENH
CAY,197,Urgent,ENH
CUR,196,Non Urgent,ENH
CUR,196,Non Urgent,ENH
CAY,196,Non Urgent,ENH
CAY,196,Non Urgent,ENH
CUR,195,Non Urgent,ENH
CUR,195,Non Urgent,ENH
CUR,195,Non Urgent,ENH
CAY,195,Non Urgent,ENH
CUR,194,Non Urgent,ENH
CUR,194,Non Urgent,ENH
CUR,194,Non Urgent,ENH
CUR,194,Non Urgent,ENH
CUR,194,Non Urgent,ENH
CAY,194,Non Urgent,ENH
CAY,194,Urgent,ENH
CUR,193,Non Urgent,ENH
CAY,193,Non Urgent,ENH
CAY,193,Non Urgent,ENH
CAY,193,Non Urgent,ENH
CUR,192,Non Urgent,ENH
CUR,192,Non Urgent,ENH
CUR,192,Non Urgent,ENH
CUR,192,Non Urgent,ENH
CUR,192,Non Urgent,ENH
CUR,192,Non Urgent,ENH
CUR,192,Non Urgent,ENH
CAY,192,Non Urgent,ENH
CAY,192,Non Urgent,ENH
CAY,192,Non Urgent,ENH
CAY,192,Urgent,ENH
CUR,191,Non Urgent,ENH
CUR,191,Non Urgent,ENH
CUR,191,Non Urgent,ENH
CUR,191,Non Urgent,ENH
CUR,191,Non Urgent,ENH
CUR,191,Non Urgent,ENH
CUR,191,Non Urgent,ENH
CAY,191,Non Urgent,ENH
CAY,191,Non Urgent,ENH
CUR,190,Non Urgent,ENH
CUR,190,Non Urgent,ENH
CUR,190,Non Urgent,ENH
CAY,190,Non Urgent,ENH
CAY,190,Non Urgent,ENH
CAY,190,Non Urgent,ENH
CAY,190,Non Urgent,ENH
CAY,190,Non Urgent,ENH
CAY,190,Non Urgent,ENH
CAY,190,Urgent,ENH
CUR,189,Urgent,ENH
CUR,189,Non Urgent,ENH
CAY,189,Non Urgent,ENH
CAY,189,Non Urgent,ENH
CAY,189,Non Urgent,ENH
CAY,188,Urgent,ENH
CAY,188,Urgent,ENH
CAY,188,Non Urgent,ENH
CAY,188,Non Urgent,ENH
CAY,188,Non Urgent,ENH
CAY,188,Non Urgent,ENH
CAY,188,Non Urgent,ENH
CAY,188,Non Urgent,ENH
CAY,188,Non Urgent,ENH
CAY,187,Urgent,ENH
CUR,187,Non Urgent,ENH
CUR,187,Non Urgent,ENH
CUR,187,Non Urgent,ENH
CAY,187,Non Urgent,ENH
CAY,187,Non Urgent,ENH
CAY,187,Non Urgent,ENH
CUR,186,Non Urgent,ENH
CUR,186,Non Urgent,ENH
CUR,186,Non Urgent,ENH
CAY,186,Non Urgent,ENH
CAY,186,Non Urgent,ENH
CAY,186,Non Urgent,ENH
CAY,185,Urgent,ENH
CAY,185,Urgent,ENH
CUR,185,Non Urgent,ENH
CUR,185,Non Urgent,ENH
CAY,185,Non Urgent,ENH
CAY,185,Non Urgent,ENH
CAY,185,Non Urgent,ENH
CAY,185,Non Urgent,ENH
CAY,185,Non Urgent,ENH
CAY,185,Urgent,ENH
CAY,184,Urgent,ENH
CUR,184,Non Urgent,ENH
CAY,184,Non Urgent,ENH
CAY,184,Non Urgent,ENH
CAY,184,Non Urgent,ENH
CAY,184,Non Urgent,ENH
CAY,184,Urgent,ENH
CUR,183,Non Urgent,ENH
CUR,183,Non Urgent,ENH
CAY,183,Non Urgent,ENH
CAY,183,Non Urgent,ENH
CAY,183,Non Urgent,ENH
CAY,183,Non Urgent,ENH
CAY,183,Non Urgent,ENH
CAY,183,Non Urgent,ENH
CAY,183,Non Urgent,ENH
CAY,183,Urgent,ENH
CAY,182,Urgent,ENH
CAY,182,Urgent,ENH
CUR,182,Non Urgent,ENH
CAY,182,Non Urgent,ENH
CAY,182,Non Urgent,ENH
CAY,182,Non Urgent,ENH
CUR,181,Non Urgent,ENH
CUR,181,Non Urgent,ENH
CUR,181,Non Urgent,ENH
CUR,181,Non Urgent,ENH
CAY,181,Non Urgent,ENH
CAY,181,Non Urgent,ENH
CAY,181,Non Urgent,ENH
CAY,181,Non Urgent,ENH
CAY,181,Non Urgent,ENH
CUR,180,Non Urgent,ENH
CUR,180,Non Urgent,ENH
CUR,180,Non Urgent,ENH
CAY,180,Non Urgent,ENH
CAY,180,Non Urgent,ENH
CAY,180,Urgent,ENH
CAY,180,Urgent,ENH
CAY,179,Urgent,ENH
CUR,179,Non Urgent,ENH
CAY,179,Non Urgent,ENH
CAY,179,Non Urgent,ENH
CAY,179,Non Urgent,ENH
CAY,179,Non Urgent,ENH
CAY,179,Non Urgent,ENH
CAY,179,Non Urgent,ENH
CAY,179,Urgent,ENH
CAY,179,Urgent,ENH
CAY,179,Urgent,ENH
CAY,178,Urgent,ENH
CAY,178,Non Urgent,ENH
CAY,178,Non Urgent,ENH
CAY,178,Non Urgent,ENH
CAY,178,Non Urgent,ENH
CAY,178,Non Urgent,ENH
CAY,178,Non Urgent,ENH
CAY,177,Urgent,ENH
CAY,177,Urgent,ENH
CAY,177,Urgent,ENH
CUR,177,Non Urgent,ENH
CAY,177,Non Urgent,ENH
CAY,177,Non Urgent,ENH
CAY,177,Non Urgent,ENH
CAY,177,Non Urgent,ENH
CAY,177,Non Urgent,ENH
CAY,177,Non Urgent,ENH
CAY,177,Non Urgent,ENH
CAY,177,Non Urgent,ENH
CAY,177,Non Urgent,ENH
CAY,177,Non Urgent,ENH
CUR,176,Non Urgent,ENH
CAY,176,Non Urgent,ENH
CAY,176,Non Urgent,ENH
CAY,176,Non Urgent,ENH
CAY,176,Non Urgent,ENH
CAY,176,Non Urgent,ENH
CAY,176,Non Urgent,ENH
CAY,176,Urgent,ENH
CAY,176,Urgent,ENH
CUR,175,Non Urgent,ENH
CAY,175,Non Urgent,ENH
CAY,175,Non Urgent,ENH
CAY,175,Non Urgent,ENH
CAY,174,Urgent,ENH
CAY,174,Urgent,ENH
CAY,174,Urgent,ENH
CUR,174,Non Urgent,ENH
CAY,174,Non Urgent,ENH
CAY,174,Non Urgent,ENH
CAY,174,Non Urgent,ENH
CAY,174,Non Urgent,ENH
CAY,174,Urgent,ENH
CAY,173,Urgent,ENH
CUR,173,Non Urgent,ENH
CUR,173,Non Urgent,ENH
CUR,173,Non Urgent,ENH
CAY,173,Non Urgent,ENH
CAY,173,Non Urgent,ENH
CAY,173,Urgent,ENH
CAY,172,Non Urgent,ENH
CAY,172,Non Urgent,ENH
CAY,172,Non Urgent,ENH
CAY,172,Non Urgent,ENH
CAY,172,Non Urgent,ENH
CAY,172,Urgent,ENH
CAY,172,Urgent,ENH
CUR,171,Non Urgent,ENH
CUR,171,Non Urgent,ENH
CAY,171,Non Urgent,ENH
CAY,171,Non Urgent,ENH
CAY,171,Non Urgent,ENH
CAY,171,Non Urgent,ENH
CAY,171,Non Urgent,ENH
CAY,170,Urgent,ENH
CAY,170,Urgent,ENH
CUR,170,Non Urgent,ENH
CAY,170,Non Urgent,ENH
CAY,170,Non Urgent,ENH
CAY,170,Non Urgent,ENH
CAY,170,Non Urgent,ENH
CAY,170,Non Urgent,ENH
CAY,170,Non Urgent,ENH
CAY,170,Non Urgent,ENH
CAY,170,Urgent,ENH
CAY,170,Urgent,ENH
CAY,169,Urgent,ENH
CAY,169,Non Urgent,ENH
CAY,168,Urgent,ENH
CAY,168,Urgent,ENH
CAY,168,Urgent,ENH
CUR,168,Non Urgent,ENH
CUR,168,Non Urgent,ENH
CUR,168,Non Urgent,ENH
CAY,168,Non Urgent,ENH
CAY,168,Non Urgent,ENH
CAY,168,Urgent,ENH
CAY,167,Non Urgent,ENH
CAY,167,Non Urgent,ENH
CAY,167,Non Urgent,ENH
CAY,167,Urgent,ENH
CAY,167,Urgent,ENH
CAY,166,Urgent,ENH
CAY,166,Urgent,ENH
CAY,166,Urgent,ENH
CAY,166,Non Urgent,ENH
CAY,166,Non Urgent,ENH
CAY,166,Non Urgent,ENH
CAY,166,Non Urgent,ENH
CAY,165,Urgent,ENH
CAY,165,Urgent,ENH
CAY,165,Urgent,ENH
CAY,164,Urgent,ENH
CAY,164,Non Urgent,ENH
CAY,164,Urgent,ENH
CAY,164,Urgent,ENH
CAY,163,Urgent,ENH
CAY,163,Non Urgent,ENH
CAY,163,Non Urgent,ENH
CAY,163,Non Urgent,ENH
CAY,163,Non Urgent,ENH
CAY,163,Non Urgent,ENH
CAY,163,Non Urgent,ENH
CAY,163,Non Urgent,ENH
CAY,163,Urgent,ENH
CAY,162,Non Urgent,ENH
CAY,162,Urgent,ENH
CUR,161,Urgent,ENH
CUR,161,Urgent,ENH
CAY,161,Non Urgent,ENH
CAY,160,Urgent,ENH
CAY,160,Urgent,ENH
CAY,160,Non Urgent,ENH
CAY,160,Urgent,ENH
CAY,159,Urgent,ENH
CAY,159,Urgent,ENH
CUR,159,Non Urgent,ENH
CAY,159,Urgent,ENH
CAY,159,Urgent,ENH
CAY,158,Urgent,ENH
CAY,158,Urgent,ENH
CAY,158,Urgent,ENH
CAY,158,Non Urgent,ENH
CAY,158,Urgent,ENH
CAY,158,Urgent,ENH
CAY,158,Urgent,ENH
CAY,157,Urgent,ENH
CUR,157,Urgent,ENH
CAY,157,Non Urgent,ENH
CAY,157,Urgent,ENH
CAY,157,Urgent,ENH
CAY,157,Urgent,ENH
CUR,156,Urgent,ENH
CAY,156,Urgent,ENH
CAY,156,Urgent,ENH
CAY,155,Urgent,ENH
CUR,154,Urgent,ENH
CAY,153,Urgent,ENH
CAY,153,Urgent,ENH
CAY,153,Urgent,ENH
CAY,153,Urgent,ENH
CAY,152,Urgent,ENH
CAY,152,Urgent,ENH
CUR,152,Urgent,ENH
CAY,152,Urgent,ENH
CAY,151,Urgent,ENH
CAY,151,Urgent,ENH
CUR,151,Urgent,ENH
CAY,150,Urgent,ENH
CAY,150,Urgent,ENH
CAY,150,Urgent,ENH
CAY,150,Urgent,ENH
CUR,149,Urgent,ENH
CUR,149,Urgent,ENH
CAY,149,Urgent,ENH
CAY,149,Urgent,ENH
CAY,148,Urgent,ENH
CUR,148,Urgent,ENH
CUR,148,Urgent,ENH
CUR,148,Urgent,ENH
CAY,148,Non Urgent,ENH
CAY,148,Urgent,ENH
CUR,147,Urgent,ENH
CUR,147,Urgent,ENH
CUR,147,Urgent,ENH
CAY,146,Urgent,ENH
CUR,146,Urgent,ENH
CUR,146,Urgent,ENH
CUR,146,Urgent,ENH
CUR,146,Urgent,ENH
CUR,145,Urgent,ENH
CUR,145,Urgent,ENH
CAY,144,Urgent,ENH
CUR,144,Urgent,ENH
CUR,144,Urgent,ENH
CAY,144,Urgent,ENH
CAY,144,Urgent,ENH
CAY,144,Urgent,ENH
CAY,144,Urgent,ENH
CAY,143,Urgent,ENH
CAY,143,Urgent,ENH
CUR,143,Urgent,ENH
CUR,143,Urgent,ENH
CAY,143,Urgent,ENH
CAY,142,Urgent,ENH
CAY,142,Urgent,ENH
CAY,141,Urgent,ENH
CAY,141,Urgent,ENH
CUR,141,Urgent,ENH
CUR,141,Urgent,ENH
CUR,141,Urgent,ENH
CUR,141,Urgent,ENH
CUR,141,Urgent,ENH
CUR,141,Urgent,ENH
CUR,141,Urgent,ENH
CUR,141,Urgent,ENH
CUR,141,Urgent,ENH
CAY,140,Urgent,ENH
CUR,140,Urgent,ENH
CUR,140,Urgent,ENH
CUR,140,Urgent,ENH
CUR,140,Urgent,ENH
CUR,140,Urgent,ENH
CUR,140,Urgent,ENH
CAY,140,Urgent,ENH
CUR,139,Urgent,ENH
CUR,139,Urgent,ENH
CUR,139,Urgent,ENH
CUR,139,Urgent,ENH
CUR,138,Urgent,ENH
CUR,138,Urgent,ENH
CUR,138,Urgent,ENH
CAY,137,Urgent,ENH
CUR,137,Urgent,ENH
CUR,137,Urgent,ENH
CUR,137,Urgent,ENH
CUR,137,Urgent,ENH
CUR,136,Urgent,ENH
CUR,136,Urgent,ENH
CUR,136,Urgent,ENH
CUR,136,Urgent,ENH
CUR,136,Urgent,ENH
CUR,135,Urgent,ENH
CUR,135,Urgent,ENH
CUR,135,Urgent,ENH
CAY,135,Urgent,ENH
CUR,134,Urgent,ENH
CUR,133,Urgent,ENH
CUR,132,Urgent,ENH
CUR,132,Urgent,ENH
CUR,132,Urgent,ENH
CUR,132,Urgent,ENH
CUR,131,Urgent,ENH
CUR,131,Urgent,ENH
CUR,130,Urgent,ENH
CUR,130,Urgent,ENH
CUR,130,Urgent,ENH
CUR,130,Urgent,ENH
CUR,129,Urgent,ENH
CUR,129,Urgent,ENH
CAY,129,Urgent,ENH
CAY,128,Urgent,ENH
CUR,128,Urgent,ENH
CUR,128,Urgent,ENH
CUR,128,Urgent,ENH
CUR,128,Urgent,STND
CUR,127,Urgent,ENH
CUR,126,Urgent,ENH
CUR,125,Urgent,ENH
CUR,125,Urgent,ENH
CUR,125,Urgent,ENH
CUR,125,Urgent,ENH
CUR,124,Urgent,ENH
CUR,124,Urgent,ENH
CUR,123,Urgent,ENH
CAY,123,Urgent,ENH
CAY,122,Urgent,ENH
CUR,121,Urgent,ENH
CUR,121,Urgent,STND
CAY,120,Urgent,ENH
CUR,119,Urgent,STND
CUR,119,Urgent,STND
CUR,119,Urgent,STND
CUR,118,Urgent,ENH
CUR,118,Urgent,ENH
CUR,118,Urgent,STND
CUR,118,Urgent,STND
CUR,118,Urgent,STND
CUR,117,Urgent,STND
CUR,116,Urgent,ENH
CUR,116,Urgent,STND
CUR,116,Urgent,STND
CUR,116,Urgent,STND
CAY,115,Urgent,ENH
CUR,115,Urgent,STND
CUR,115,Urgent,STND
CUR,114,Urgent,STND
CAY,114,Urgent,ENH
CAY,114,Urgent,ENH
CUR,113,Urgent,ENH
CUR,113,Urgent,STND
CAY,112,Urgent,ENH
CUR,111,Urgent,STND
CAY,110,Urgent,ENH
CAY,110,Urgent,ENH
CAY,110,Urgent,ENH
CAY,110,Urgent,ENH
CAY,110,Urgent,ENH
CAY,110,Urgent,ENH
CAY,109,Urgent,ENH
CAY,109,Urgent,ENH
CUR,109,Urgent,STND
CUR,109,Urgent,STND
CAY,109,Urgent,ENH
CAY,109,Urgent,ENH
CAY,108,Urgent,ENH
CUR,108,Urgent,STND
CUR,108,Urgent,STND
CAY,108,Urgent,ENH
CAY,107,Urgent,ENH
CAY,107,Urgent,ENH
CAY,107,Urgent,ENH
CUR,107,Urgent,STND
CUR,107,Urgent,STND
CAY,107,Urgent,ENH
CAY,107,Urgent,ENH
CAY,107,Urgent,ENH
CAY,107,Urgent,ENH
CAY,107,Urgent,ENH
CAY,107,Urgent,ENH
CAY,106,Urgent,ENH
CUR,106,Urgent,STND
CUR,106,Urgent,STND
CUR,106,Urgent,STND
CUR,106,Urgent,STND
CAY,106,Urgent,ENH
CAY,106,Urgent,ENH
CAY,106,Urgent,ENH
CAY,106,Urgent,ENH
CAY,106,Urgent,ENH
CAY,106,Urgent,ENH
CAY,105,Urgent,ENH
CAY,105,Urgent,ENH
CAY,105,Urgent,ENH
CAY,105,Urgent,ENH
CAY,105,Urgent,ENH
CUR,105,Urgent,STND
CUR,105,Urgent,STND
CAY,105,Urgent,ENH
CAY,105,Urgent,ENH
CAY,105,Urgent,ENH
CAY,105,Urgent,ENH
CAY,105,Urgent,ENH
CAY,104,Urgent,ENH
CAY,104,Urgent,ENH
CAY,104,Urgent,ENH
CAY,104,Urgent,ENH
CUR,104,Urgent,STND
CUR,104,Urgent,STND
CUR,104,Urgent,STND
CUR,104,Urgent,STND
CUR,104,Urgent,STND
CAY,104,Urgent,ENH
CAY,104,Urgent,ENH
CAY,104,Urgent,ENH
CAY,104,Urgent,ENH
CAY,104,Urgent,ENH
CAY,103,Urgent,ENH
CAY,103,Urgent,ENH
CAY,103,Urgent,ENH
CUR,103,Urgent,STND
CUR,103,Urgent,STND
CUR,103,Urgent,STND
CUR,103,Urgent,STND
CUR,103,Urgent,STND
CAY,103,Urgent,ENH
CAY,103,Urgent,STND
CAY,103,Urgent,ENH
CAY,103,Urgent,ENH
CAY,103,Urgent,ENH
CAY,103,Urgent,STND
CAY,102,Urgent,ENH
CAY,102,Urgent,ENH
CAY,102,Urgent,ENH
CAY,102,Urgent,ENH
CUR,102,Urgent,STND
CUR,102,Urgent,STND
CUR,102,Urgent,STND
CUR,102,Urgent,STND
CUR,102,Urgent,STND
CUR,102,Urgent,STND
CAY,102,Urgent,ENH
CAY,102,Urgent,ENH
CAY,102,Urgent,ENH
CAY,102,Urgent,ENH
CAY,102,Urgent,ENH
CAY,102,Urgent,ENH
CAY,101,Urgent,ENH
CAY,101,Urgent,STND
CAY,101,Urgent,ENH
CAY,101,Urgent,ENH
CAY,101,Urgent,ENH
CAY,101,Urgent,ENH
CUR,101,Urgent,STND
CUR,101,Urgent,STND
CUR,101,Urgent,STND
CUR,101,Urgent,STND
CAY,101,Urgent,STND
CAY,101,Urgent,ENH
CAY,101,Urgent,ENH
CAY,101,Urgent,ENH
CAY,100,Urgent,ENH
CAY,100,Urgent,ENH
CAY,100,Urgent,ENH
CUR,100,Urgent,STND
CUR,100,Urgent,STND
CUR,100,Urgent,STND
CAY,100,Urgent,ENH
CAY,100,Urgent,ENH
CAY,100,Urgent,ENH
CAY,99,Urgent,ENH
CAY,99,Urgent,ENH
CAY,99,Urgent,ENH
CAY,99,Urgent,ENH
CAY,99,Urgent,ENH
CAY,99,Urgent,ENH
CAY,99,Urgent,ENH
CUR,99,Urgent,STND
CUR,99,Urgent,STND
CAY,99,Urgent,ENH
CAY,98,Urgent,ENH
CAY,98,Urgent,ENH
CAY,98,Urgent,ENH
CAY,98,Urgent,ENH
CUR,98,Urgent,STND
CUR,98,Urgent,STND
CAY,98,Urgent,ENH
CAY,98,Urgent,ENH
CAY,98,Urgent,ENH
CAY,97,Urgent,ENH
CAY,97,Urgent,ENH
CAY,97,Urgent,ENH
CAY,97,Urgent,ENH
CUR,97,Urgent,STND
CUR,97,Urgent,STND
CAY,97,Urgent,ENH
CAY,97,Urgent,ENH
CAY,97,Urgent,STND
CAY,96,Urgent,STND
CAY,96,Urgent,ENH
CAY,96,Urgent,ENH
CUR,96,Urgent,STND
CUR,96,Urgent,STND
CUR,96,Urgent,STND
CUR,96,Urgent,STND
CUR,96,Urgent,STND
CUR,96,Urgent,STND
CUR,96,Urgent,STND
CUR,96,Urgent,STND
CAY,96,Urgent,ENH
CAY,96,Urgent,ENH
CAY,95,Urgent,ENH
CUR,95,Urgent,STND
CUR,95,Urgent,STND
CAY,95,Urgent,ENH
CAY,94,Urgent,ENH
CAY,94,Urgent,ENH
CAY,94,Urgent,ENH
CAY,94,Urgent,ENH
CAY,94,Urgent,ENH
CAY,94,Urgent,ENH
CAY,93,Urgent,ENH
CAY,93,Urgent,ENH
CUR,93,Urgent,STND
CAY,93,Urgent,ENH
CAY,93,Urgent,STND
CAY,92,Urgent,ENH
CAY,92,Urgent,STND
CUR,92,Urgent,STND
CUR,92,Urgent,STND
CUR,92,Urgent,STND
CUR,92,Urgent,STND
CUR,92,Urgent,STND
CUR,92,Non Urgent,STND
CUR,92,Non Urgent,STND
CAY,92,Urgent,STND
CAY,92,Urgent,ENH
CAY,91,Urgent,STND
CUR,91,Urgent,STND
CUR,91,Urgent,STND
CUR,91,Non Urgent,STND
CUR,91,Non Urgent,STND
CUR,91,Non Urgent,STND
CUR,91,Non Urgent,STND
CAY,91,Urgent,STND
CUR,90,Non Urgent,STND
CUR,90,Non Urgent,STND
CUR,90,Non Urgent,STND
CUR,90,Non Urgent,STND
CUR,90,Non Urgent,STND
CAY,89,Urgent,STND
CAY,89,Urgent,STND
CUR,89,Urgent,STND
CUR,89,Urgent,STND
CUR,89,Non Urgent,STND
CUR,89,Non Urgent,STND
CUR,89,Non Urgent,STND
CUR,89,Non Urgent,STND
CAY,89,Urgent,STND
CAY,88,Urgent,STND
CUR,88,Urgent, ENH
CUR,88,Urgent,STND
CUR,88,Urgent,STND
CUR,88,Non Urgent,STND
CUR,88,Non Urgent,STND
CAY,88,Urgent,STND
CUR,87,Urgent,STND
CUR,87,Urgent,STND
CUR,87,Urgent,STND
CUR,87,Non Urgent,STND
CUR,87,Non Urgent,STND
CUR,87,Non Urgent,STND
CUR,87,Non Urgent,STND
CUR,87,Non Urgent,STND
CAY,86,Urgent,STND
CAY,86,Urgent,STND
CUR,86,Urgent,STND
CUR,86,Non Urgent,STND
CUR,86,Non Urgent,STND
CUR,86,Non Urgent,STND
CUR,86,Non Urgent,STND
CUR,86,Non Urgent,STND
CUR,86,Non Urgent,STND
CUR,86,Non Urgent,STND
CUR,86,Non Urgent,STND
CUR,86,Non Urgent,STND
CAY,86,Non Urgent,STND
CAY,86,Urgent,STND
CUR,85,Urgent,STND
CUR,85,Urgent,STND
CUR,85,Non Urgent,STND
CUR,85,Non Urgent,STND
CUR,85,Non Urgent,STND
CUR,85,Non Urgent,STND
CUR,85,Non Urgent,STND
CUR,85,Non Urgent,STND
CUR,85,Non Urgent,STND
CUR,85,Non Urgent,STND
CUR,85,Non Urgent,STND
CAY,84,Urgent,STND
CUR,84,Urgent,STND
CUR,84,Urgent,STND
CUR,84,Urgent,STND
CUR,84,Non Urgent,STND
CUR,84,Non Urgent,STND
CAY,84,Non Urgent,STND
CUR,83,Non Urgent,STND
CUR,83,Non Urgent,STND
CUR,83,Non Urgent,STND
CUR,83,Non Urgent,STND
CUR,83,Non Urgent,STND
CAY,83,Urgent,STND
CUR,82,Urgent,STND
CUR,82,Urgent,STND
CUR,82,Non Urgent,STND
CUR,82,Non Urgent,STND
CAY,82,Non Urgent,STND
CAY,82,Non Urgent,STND
CAY,82,Non Urgent,STND
CUR,81,Urgent,ENH
CUR,81,Urgent,STND
CAY,81,Non Urgent,STND
CAY,81,Non Urgent,STND
CAY,81,Urgent,STND
CUR,80,Urgent,STND
CUR,80,Urgent,STND
CUR,80,Non Urgent,STND
CAY,80,Non Urgent,STND
CAY,80,Non Urgent,STND
CUR,79,Urgent,ENH
CUR,79,Urgent,STND
CUR,79,Urgent,STND
CUR,79,Urgent,STND
CUR,79,Urgent,STND
CUR,79,Urgent,STND
CAY,79,Non Urgent,STND
CAY,79,Non Urgent,STND
CAY,78,Urgent,STND
CAY,78,Urgent,STND
CUR,78,Urgent,STND
CUR,78,Urgent,STND
CAY,78,Non Urgent,STND
CAY,78,Urgent,STND
CAY,78,Urgent,STND
CAY,77,Urgent,STND
CUR,77,Urgent,STND
CUR,77,Urgent,STND
CAY,77,Urgent,STND
CAY,77,Urgent,STND
CAY,75,Urgent,STND
CAY,75,Urgent,STND
DUB,75,Non Urgent,ENH
CUR,75,Non Urgent,STND
CAY,75,Non Urgent,STND
CAY,75,Non Urgent,STND
CAY,75,Urgent,STND
CAY,75,Urgent,STND
CUR,74,Urgent,STND
CAY,74,Non Urgent,STND
CAY,74,Non Urgent,STND
CAY,74,Non Urgent,STND
AMS,74,Urgent,ENH
AMS,74,Non Urgent,STND
CAY,73,Urgent,STND
CAY,73,Urgent,STND
JRC,73,Non Urgent,STND
DUB,73,Non Urgent,ENH
AMS,73,Urgent,ENH
AMS,73,Urgent,ENH
CAY,73,Urgent,STND
CAY,72,Urgent,STND
CAY,72,Urgent,STND
CUR,72,Urgent,STND
CAY,72,Non Urgent,STND
CAY,72,Non Urgent,STND
CAY,72,Non Urgent,STND
CAY,72,Non Urgent,STND
AMS,72,Urgent,ENH
CAY,71,Urgent,STND
CAY,71,Urgent,STND
CAY,71,Urgent,STND
JRC,71,Non Urgent,STND
JRC,71,Non Urgent,STND
DUB,71,Non Urgent,ENH
CAY,71,Non Urgent,STND
CAY,71,Non Urgent,STND
CAY,71,Non Urgent,STND
CAY,71,Non Urgent,STND
AMS,71,Urgent,ENH
AMS,71,Urgent,ENH
CAY,71,Urgent,STND
CAY,70,Urgent,STND
DUB,70,Non Urgent,ENH
CAY,70,Non Urgent,STND
CAY,70,Non Urgent,STND
CAY,70,Non Urgent,STND
CAY,70,Non Urgent,STND
AMS,70,Urgent,ENH
AMS,70,Urgent,ENH
CAY,70,Urgent,STND
CAY,69,Urgent,STND
CAY,69,Urgent,STND
JRC,69,Non Urgent,STND
JRC,69,Non Urgent,STND
DUB,69,Non Urgent,ENH
DUB,69,Non Urgent,ENH
DUB,69,Non Urgent,ENH
AMS,69,Urgent,ENH
AMS,69,Urgent,ENH
AMS,69,Urgent,ENH
AMS,69,Urgent,ENH
AMS,69,Non Urgent,STND
CAY,68,Urgent,STND
JRC,68,Non Urgent,STND
JRC,68,Non Urgent,STND
JRC,68,Non Urgent,STND
JRC,68,Non Urgent,STND
JRC,68,Non Urgent,STND
JRC,68,Non Urgent,STND
JRC,68,Non Urgent,STND
DUB,68,Non Urgent,ENH
DUB,68,Non Urgent,ENH
AMS,68,Urgent,ENH
AMS,68,Urgent,ENH
AMS,68,Non Urgent,STND
CAY,67,Urgent,STND
CAY,67,Urgent,STND
JRC,67,Non Urgent,STND
JRC,67,Non Urgent,STND
JRC,67,Non Urgent,STND
JRC,67,Non Urgent,STND
JRC,67,Non Urgent,STND
JRC,67,Non Urgent,STND
DUB,67,Non Urgent,ENH
DUB,67,Non Urgent,ENH
DUB,67,Non Urgent,ENH
DUB,67,Non Urgent,ENH
CAY,67,Urgent,ENH
AMS,67,Urgent,ENH
AMS,67,Urgent,ENH
AMS,67,Urgent,ENH
AMS,67,Urgent,ENH
AMS,67,Urgent,ENH
CAY,66,Urgent,STND
JRC,66,Non Urgent,STND
JRC,66,Non Urgent,STND
JRC,66,Non Urgent,STND
JRC,66,Non Urgent,STND
JRC,66,Non Urgent,STND
JRC,66,Non Urgent,STND
JRC,66,Non Urgent,STND
JRC,66,Non Urgent,STND
DUB,66,Non Urgent,ENH
DUB,66,Non Urgent,ENH
CAY,66,Non Urgent,STND
AMS,66,Urgent,ENH
AMS,66,Urgent,ENH
AMS,66,Urgent,ENH
AMS,66,Urgent,ENH
AMS,66,Non Urgent,STND
CAY,66,Urgent,STND
JRC,65,Non Urgent,STND
JRC,65,Non Urgent,STND
JRC,65,Non Urgent,STND
JRC,65,Non Urgent,STND
JRC,65,Non Urgent,STND
JRC,65,Non Urgent,STND
DUB,65,Non Urgent,ENH
AMS,65,Urgent,ENH
AMS,65,Urgent,ENH
AMS,65,Urgent,ENH
AMS,65,Urgent,ENH
AMS,65,Urgent,ENH
AMS,65,Urgent,ENH
AMS,65,Urgent,ENH
AMS,65,Urgent,ENH
AMS,65,Urgent,STND
JRC,64,Non Urgent,STND
JRC,64,Non Urgent,STND
JRC,64,Non Urgent,STND
JRC,64,Non Urgent,STND
JRC,64,Non Urgent,STND
JRC,64,Non Urgent,STND
JRC,64,Non Urgent,STND
DUB,64,Non Urgent,ENH
DUB,64,Non Urgent,ENH
DUB,64,Non Urgent,ENH
CAY,64,Non Urgent,STND
AMS,64,Urgent,ENH
AMS,64,Urgent,ENH
AMS,64,Urgent,ENH
AMS,64,Non Urgent,STND
AMS,64,Urgent,STND
AMS,64,Urgent,STND
CAY,63,Urgent,STND
JRC,63,Urgent,STND
JRC,63,Non Urgent,STND
JRC,63,Non Urgent,STND
JRC,63,Non Urgent,STND
JRC,63,Non Urgent,STND
JRC,63,Non Urgent,STND
JRC,63,Non Urgent,STND
JRC,63,Non Urgent,STND
JRC,63,Non Urgent,STND
JRC,63,Non Urgent,STND
JRC,63,Non Urgent,STND
JRC,63,Non Urgent,STND
DUB,63,Non Urgent,ENH
DUB,63,Non Urgent,ENH
DUB,63,Non Urgent,ENH
DUB,63,Non Urgent,ENH
DUB,63,Non Urgent,ENH
DUB,63,Non Urgent,ENH
CAY,63,Non Urgent,STND
CAY,63,Non Urgent,STND
AMS,63,Urgent,ENH
AMS,63,Urgent,ENH
AMS,63,Urgent,ENH
AMS,63,Urgent,ENH
AMS,63,Urgent,ENH
AMS,63,Urgent,ENH
AMS,63,Urgent,ENH
AMS,63,Urgent,ENH
AMS,63,Urgent,ENH
AMS,63,Urgent,ENH
AMS,63,Urgent,ENH
AMS,63,Non Urgent,STND
AMS,63,Non Urgent,STND
AMS,63,Non Urgent,STND
AMS,63,Non Urgent,STND
AMS,63,Urgent,STND
AMS,63,Urgent,STND
AMS,63,Urgent,STND
AMS,63,Urgent,STND
AMS,63,Urgent,STND
JRC,62,Non Urgent,STND
JRC,62,Non Urgent,STND
JRC,62,Non Urgent,STND
JRC,62,Non Urgent,STND
JRC,62,Non Urgent,STND
JRC,62,Non Urgent,STND
JRC,62,Non Urgent,STND
JRC,62,Non Urgent,STND
DUB,62,Non Urgent,ENH
DUB,62,Non Urgent,ENH
DUB,62,Non Urgent,ENH
DUB,62,Non Urgent,ENH
DUB,62,Non Urgent,ENH
DUB,62,Non Urgent,ENH
AMS,62,Urgent,ENH
AMS,62,Urgent,ENH
AMS,62,Urgent,ENH
AMS,62,Urgent,ENH
AMS,62,Urgent,ENH
AMS,62,Urgent,ENH
AMS,62,Non Urgent,STND
AMS,62,Non Urgent,STND
AMS,62,Urgent,STND
AMS,62,Urgent,STND
AMS,62,Urgent,STND
AMS,62,Urgent,STND
CAY,62,Urgent,STND
JRC,61,Non Urgent,STND
JRC,61,Non Urgent,STND
JRC,61,Non Urgent,STND
JRC,61,Non Urgent,STND
JRC,61,Non Urgent,STND
JRC,61,Non Urgent,STND
JRC,61,Non Urgent,STND
JRC,61,Non Urgent,STND
JRC,61,Non Urgent,STND
JRC,61,Non Urgent,STND
JRC,61,Non Urgent,STND
JRC,61,Non Urgent,STND
JRC,61,Non Urgent,STND
JRC,61,Non Urgent,STND
DUB,61,Non Urgent,ENH
DUB,61,Non Urgent,ENH
DUB,61,Non Urgent,ENH
DUB,61,Non Urgent,ENH
DUB,61,Non Urgent,ENH
DUB,61,Non Urgent,ENH
CAY,61,Urgent,ENH
CAY,61,Urgent,ENH
AMS,61,Urgent,ENH
AMS,61,Urgent,ENH
AMS,61,Urgent,ENH
AMS,61,Non Urgent,STND
AMS,61,Non Urgent,STND
AMS,61,Urgent,STND
AMS,61,Urgent,STND
AMS,61,Urgent,STND
AMS,61,Urgent,STND
AMS,61,Urgent,STND
AMS,61,Urgent,STND
AMS,61,Urgent,STND
AMS,61,Urgent,STND
AMS,61,Urgent,STND
JRC,60,Urgent,STND
JRC,60,Non Urgent,STND
JRC,60,Non Urgent,STND
JRC,60,Non Urgent,STND
JRC,60,Non Urgent,STND
JRC,60,Non Urgent,STND
JRC,60,Non Urgent,STND
JRC,60,Non Urgent,STND
DUB,60,Non Urgent,ENH
DUB,60,Non Urgent,ENH
DUB,60,Non Urgent,ENH
DUB,60,Non Urgent,ENH
DUB,60,Non Urgent,ENH
DUB,60,Non Urgent,ENH
DUB,60,Non Urgent,ENH
DUB,60,Non Urgent,ENH
DUB,60,Non Urgent,ENH
DUB,60,Non Urgent,ENH
CAY,60,Urgent,ENH
AMS,60,Urgent,ENH
AMS,60,Urgent,ENH
AMS,60,Urgent,ENH
AMS,60,Urgent,ENH
AMS,60,Urgent,ENH
AMS,60,Non Urgent,STND
AMS,60,Non Urgent,STND
AMS,60,Urgent,STND
AMS,60,Urgent,STND
AMS,60,Urgent,STND
AMS,60,Urgent,STND
AMS,60,Urgent,STND
AMS,60,Urgent,STND
AMS,60,Urgent,STND
CAY,59,Urgent,STND
JRC,59,Urgent,STND
JRC,59,Non Urgent,STND
JRC,59,Non Urgent,STND
JRC,59,Non Urgent,STND
JRC,59,Non Urgent,STND
JRC,59,Non Urgent,STND
JRC,59,Non Urgent,STND
JRC,59,Non Urgent,STND
JRC,59,Non Urgent,STND
JRC,59,Non Urgent,STND
JRC,59,Non Urgent,STND
JRC,59,Non Urgent,STND
DUB,59,Non Urgent,ENH
DUB,59,Non Urgent,ENH
DUB,59,Non Urgent,ENH
DUB,59,Non Urgent,ENH
DUB,59,Non Urgent,ENH
DUB,59,Non Urgent,ENH
CAY,59,Urgent,ENH
AMS,59,Urgent,ENH
AMS,59,Urgent,ENH
AMS,59,Urgent,ENH
AMS,59,Urgent,ENH
AMS,59,Urgent,ENH
AMS,59,Urgent,ENH
AMS,59,Non Urgent,STND
AMS,59,Non Urgent,STND
AMS,59,Non Urgent,STND
AMS,59,Non Urgent,STND
AMS,59,Non Urgent,STND
AMS,59,Non Urgent,STND
AMS,59,Urgent,STND
AMS,59,Urgent,STND
AMS,59,Urgent,STND
AMS,59,Urgent,STND
AMS,59,Urgent,STND
AMS,59,Urgent,STND
AMS,59,Urgent,STND
AMS,59,Urgent,STND
AMS,59,Urgent,STND
AMS,59,Urgent,STND
JRC,58,Non Urgent,STND
JRC,58,Non Urgent,STND
JRC,58,Non Urgent,STND
JRC,58,Non Urgent,STND
JRC,58,Non Urgent,STND
JRC,58,Non Urgent,STND
DUB,58,Non Urgent,ENH
DUB,58,Non Urgent,ENH
DUB,58,Non Urgent,ENH
DUB,58,Non Urgent,ENH
DUB,58,Non Urgent,ENH
AMS,58,Urgent,ENH
AMS,58,Urgent,ENH
AMS,58,Non Urgent,STND
AMS,58,Non Urgent,STND
AMS,58,Non Urgent,STND
AMS,58,Non Urgent,STND
AMS,58,Non Urgent,STND
AMS,58,Non Urgent,STND
AMS,58,Urgent,STND
AMS,58,Urgent,STND
AMS,58,Urgent,STND
AMS,58,Urgent,STND
AMS,58,Urgent,STND
JRC,57,Urgent,STND
JRC,57,Non Urgent,STND
JRC,57,Non Urgent,STND
JRC,57,Non Urgent,STND
JRC,57,Non Urgent,STND
JRC,57,Non Urgent,STND
JRC,57,Non Urgent,STND
DUB,57,Non Urgent,ENH
DUB,57,Non Urgent,ENH
DUB,57,Non Urgent,ENH
DUB,57,Non Urgent,ENH
DUB,57,Non Urgent,ENH
AMS,57,Urgent,ENH
AMS,57,Urgent,ENH
AMS,57,Urgent,ENH
AMS,57,Non Urgent,STND
AMS,57,Non Urgent,STND
AMS,57,Non Urgent,STND
AMS,57,Non Urgent,STND
AMS,57,Non Urgent,STND
AMS,57,Non Urgent,STND
AMS,57,Urgent,STND
AMS,57,Urgent,STND
AMS,57,Urgent,STND
JRC,56,Non Urgent,STND
JRC,56,Non Urgent,STND
JRC,56,Non Urgent,STND
JRC,56,Non Urgent,STND
JRC,56,Non Urgent,STND
JRC,56,Non Urgent,STND
DUB,56,Non Urgent,ENH
DUB,56,Non Urgent,ENH
DUB,56,Non Urgent,ENH
DUB,56,Non Urgent,ENH
DUB,56,Non Urgent,ENH
DUB,56,Non Urgent,ENH
DUB,56,Non Urgent,ENH
DUB,56,Non Urgent,ENH
AMS,56,Urgent,ENH
AMS,56,Urgent,ENH
AMS,56,Urgent,ENH
AMS,56,Non Urgent,STND
AMS,56,Non Urgent,STND
AMS,56,Non Urgent,STND
AMS,56,Non Urgent,STND
AMS,56,Urgent,STND
AMS,56,Urgent,STND
JRC,55,Urgent,STND
JRC,55,Urgent,STND
JRC,55,Urgent,STND
JRC,55,Non Urgent,STND
JRC,55,Non Urgent,STND
JRC,55,Non Urgent,STND
JRC,55,Non Urgent,STND
DUB,55,Non Urgent,ENH
DUB,55,Non Urgent,ENH
DUB,55,Non Urgent,ENH
DUB,55,Non Urgent,ENH
DUB,55,Non Urgent,ENH
DUB,55,Non Urgent,ENH
DUB,55,Non Urgent,ENH
DUB,55,Non Urgent,ENH
AMS,55,Urgent,ENH
AMS,55,Non Urgent,STND
AMS,55,Non Urgent,STND
AMS,55,Non Urgent,STND
AMS,55,Non Urgent,STND
AMS,55,Urgent,STND
JRC,54,Urgent,STND
JRC,54,Urgent,STND
JRC,54,Non Urgent,STND
DUB,54,Non Urgent,ENH
AMS,54,Urgent,ENH
AMS,54,Urgent,ENH
AMS,54,Urgent,ENH
AMS,54,Urgent,ENH
AMS,54,Non Urgent,STND
AMS,54,Non Urgent,STND
AMS,54,Non Urgent,STND
AMS,54,Non Urgent,STND
JRC,53,Urgent,STND
JRC,53,Non Urgent,STND
JRC,53,Non Urgent,STND
JRC,53,Non Urgent,STND
JRC,53,Non Urgent,STND
JRC,53,Non Urgent,STND
DUB,53,Urgent,ENH
DUB,53,Non Urgent,ENH
DUB,53,Non Urgent,ENH
DUB,53,Non Urgent,ENH
AMS,53,Urgent,ENH
AMS,53,Non Urgent,STND
AMS,53,Non Urgent,STND
AMS,53,Non Urgent,STND
AMS,53,Non Urgent,STND
JRC,52,Urgent,STND
JRC,52,Urgent,STND
DUB,52,Urgent,ENH
DUB,52,Non Urgent,ENH
DUB,52,Non Urgent,ENH
DUB,52,Non Urgent,ENH
DUB,52,Non Urgent,STND
AMS,52,Non Urgent,STND
AMS,52,Non Urgent,STND
AMS,52,Non Urgent,STND
AMS,52,Non Urgent,STND
AMS,52,Non Urgent,STND
AMS,52,Non Urgent,STND
JRC,51,Urgent,STND
JRC,51,Urgent,STND
JRC,51,Urgent,STND
JRC,51,Urgent,STND
DUB,51,Non Urgent,ENH
DUB,51,Non Urgent,ENH
DUB,51,Non Urgent,ENH
DUB,51,Non Urgent,STND
DUB,51,Non Urgent,STND
DUB,51,Non Urgent,STND
DUB,51,Non Urgent,STND
AMS,51,Urgent,ENH
AMS,51,Non Urgent,STND
AMS,51,Non Urgent,STND
JRC,50,Urgent,STND
DUB,50,Urgent,ENH
DUB,50,Non Urgent,ENH
DUB,50,Non Urgent,STND
DUB,50,Non Urgent,STND
AMS,50,Non Urgent,STND
AMS,50,Non Urgent,STND
AMS,50,Non Urgent,STND
AMS,50,Non Urgent,STND
JRC,49,Urgent,STND
JRC,49,Urgent,STND
JRC,49,Urgent,STND
DUB,49,Urgent,ENH
DUB,49,Non Urgent,ENH
DUB,49,Non Urgent,ENH
DUB,49,Non Urgent,STND
DUB,49,Non Urgent,STND
DUB,49,Non Urgent,STND
DUB,49,Non Urgent,STND
AMS,49,Non Urgent,STND
AMS,49,Non Urgent,STND
AMS,49,Non Urgent,STND
AMS,49,Non Urgent,STND
JRC,48,Non Urgent,ENH
JRC,48,Urgent,STND
JRC,48,Urgent,STND
JRC,48,Urgent,STND
JRC,48,Urgent,STND
JRC,48,Urgent,STND
DUB,48,Urgent,ENH
DUB,48,Urgent,ENH
DUB,48,Non Urgent,ENH
DUB,48,Non Urgent,STND
AMS,48,Non Urgent,STND
AMS,48,Non Urgent,STND
AMS,48,Non Urgent,STND
AMS,48,Non Urgent,STND
AMS,48,Non Urgent,STND
AMS,48,Non Urgent,STND
JRC,47,Urgent,STND
JRC,47,Urgent,STND
JRC,47,Urgent,STND
DUB,47,Non Urgent,ENH
DUB,47,Non Urgent,STND
DUB,47,Non Urgent,STND
DUB,47,Non Urgent,STND
DUB,47,Non Urgent,STND
AMS,47,Non Urgent,STND
AMS,47,Non Urgent,STND
JRC,46,Urgent,STND
JRC,46,Urgent,STND
DUB,46,Urgent,ENH
DUB,46,Urgent,ENH
DUB,46,Urgent,ENH
DUB,46,Urgent,ENH
DUB,46,Non Urgent,ENH
DUB,46,Non Urgent,STND
DUB,46,Non Urgent,STND
DUB,46,Non Urgent,STND
DUB,46,Non Urgent,STND
JRC,45,Non Urgent,ENH
JRC,45,Urgent,STND
JRC,45,Urgent,STND
JRC,45,Urgent,STND
DUB,45,Urgent,ENH
DUB,45,Urgent,ENH
DUB,45,Urgent,ENH
DUB,45,Urgent,ENH
DUB,45,Urgent,ENH
DUB,45,Non Urgent,STND
DUB,45,Non Urgent,STND
DUB,45,Non Urgent,STND
DUB,45,Non Urgent,STND
DUB,45,Non Urgent,STND
DUB,45,Non Urgent,STND
DUB,45,Non Urgent,STND
AMS,45,Non Urgent,STND
AMS,45,Non Urgent,STND
JRC,44,Non Urgent,ENH
JRC,44,Non Urgent,ENH
JRC,44,Urgent,STND
DUB,44,Urgent,ENH
DUB,44,Urgent,ENH
DUB,44,Urgent,ENH
DUB,44,Urgent,ENH
DUB,44,Urgent,ENH
DUB,44,Urgent,ENH
DUB,44,Non Urgent,ENH
DUB,44,Non Urgent,STND
DUB,44,Non Urgent,STND
DUB,44,Non Urgent,STND
DUB,44,Non Urgent,STND
DUB,44,Non Urgent,STND
DUB,44,Non Urgent,STND
AMS,44,Non Urgent,STND
AMS,44,Non Urgent,STND
JRC,43,Non Urgent,ENH
JRC,43,Urgent,STND
JRC,43,Urgent,STND
DUB,43,Urgent,ENH
DUB,43,Non Urgent,STND
DUB,43,Non Urgent,STND
DUB,43,Non Urgent,STND
DUB,43,Non Urgent,STND
DUB,43,Non Urgent,STND
AMS,43,Non Urgent,STND
JRC,42,Urgent,STND
DUB,42,Urgent,ENH
DUB,42,Urgent,ENH
DUB,42,Urgent,ENH
DUB,42,Non Urgent,ENH
DUB,42,Non Urgent,STND
DUB,42,Non Urgent,STND
DUB,42,Non Urgent,STND
DUB,42,Non Urgent,STND
DUB,42,Non Urgent,STND
DUB,42,Non Urgent,STND
DUB,42,Non Urgent,STND
DUB,42,Non Urgent,STND
DUB,42,Non Urgent,STND
DUB,42,Non Urgent,STND
DUB,42,Non Urgent,STND
DUB,42,Non Urgent,STND
DUB,42,Non Urgent,STND
DUB,42,Non Urgent,STND
DUB,42,Non Urgent,STND
DUB,41,Urgent,ENH
DUB,41,Non Urgent,STND
DUB,41,Non Urgent,STND
DUB,41,Non Urgent,STND
DUB,41,Non Urgent,STND
DUB,41,Non Urgent,STND
DUB,41,Non Urgent,STND
DUB,41,Non Urgent,STND
DUB,41,Non Urgent,STND
DUB,40,Urgent,ENH
DUB,40,Urgent,ENH
DUB,40,Non Urgent,STND
DUB,40,Non Urgent,STND
DUB,40,Non Urgent,STND
DUB,40,Non Urgent,STND
DUB,40,Non Urgent,STND
DUB,40,Non Urgent,STND
DUB,40,Non Urgent,STND
DUB,40,Non Urgent,STND
JRC,39,Non Urgent,ENH
JRC,39,Urgent,STND
DUB,39,Urgent,ENH
DUB,39,Urgent,ENH
DUB,39,Non Urgent,STND
DUB,39,Non Urgent,STND
DUB,39,Non Urgent,STND
DUB,39,Non Urgent,STND
DUB,39,Non Urgent,STND
DUB,39,Non Urgent,STND
DUB,39,Non Urgent,STND
DUB,39,Non Urgent,STND
DUB,39,Non Urgent,STND
DUB,39,Non Urgent,STND
DUB,39,Non Urgent,STND
DUB,39,Non Urgent,STND
JRC,38,Non Urgent,ENH
DUB,38,Non Urgent,STND
DUB,38,Non Urgent,STND
DUB,38,Non Urgent,STND
DUB,38,Non Urgent,STND
DUB,38,Non Urgent,STND
DUB,38,Non Urgent,STND
DUB,38,Non Urgent,STND
DUB,38,Non Urgent,STND
DUB,38,Non Urgent,STND
DUB,38,Non Urgent,STND
DUB,38,Non Urgent,STND
DUB,38,Non Urgent,STND
DUB,38,Non Urgent,STND
DUB,38,Non Urgent,STND
JRC,37,Non Urgent,ENH
JRC,37,Non Urgent,ENH
DUB,37,Urgent,ENH
DUB,37,Non Urgent,STND
DUB,37,Non Urgent,STND
DUB,37,Non Urgent,STND
DUB,37,Non Urgent,STND
DUB,37,Non Urgent,STND
DUB,37,Non Urgent,STND
DUB,37,Non Urgent,STND
DUB,37,Non Urgent,STND
DUB,37,Non Urgent,STND
DUB,37,Non Urgent,STND
DUB,37,Non Urgent,STND
DUB,37,Non Urgent,STND
DUB,37,Non Urgent,STND
DUB,37,Non Urgent,STND
DUB,37,Non Urgent,STND
DUB,37,Non Urgent,STND
DUB,36,Non Urgent,STND
DUB,36,Non Urgent,STND
DUB,36,Non Urgent,STND
DUB,36,Non Urgent,STND
DUB,36,Non Urgent,STND
DUB,36,Non Urgent,STND
DUB,36,Non Urgent,STND
DUB,36,Non Urgent,STND
DUB,36,Non Urgent,STND
DUB,35,Non Urgent,STND
DUB,35,Non Urgent,STND
DUB,35,Non Urgent,STND
DUB,35,Non Urgent,STND
DUB,35,Non Urgent,STND
DUB,35,Non Urgent,STND
DUB,35,Non Urgent,STND
DUB,35,Non Urgent,STND
DUB,35,Non Urgent,STND
DUB,35,Non Urgent,STND
DUB,35,Non Urgent,STND
DUB,35,Non Urgent,STND
DUB,35,Non Urgent,STND
JRC,34,Non Urgent,ENH
JRC,34,Urgent,STND
DUB,34,Non Urgent,STND
DUB,34,Non Urgent,STND
DUB,34,Non Urgent,STND
DUB,34,Non Urgent,STND
DUB,34,Non Urgent,STND
DUB,34,Non Urgent,STND
DUB,34,Non Urgent,STND
DUB,34,Non Urgent,STND
DUB,34,Non Urgent,STND
DUB,34,Non Urgent,STND
DUB,34,Non Urgent,STND
DUB,34,Non Urgent,STND
DUB,34,Non Urgent,STND
DUB,34,Non Urgent,STND
DUB,34,Non Urgent,STND
JRC,33,Non Urgent,ENH
DUB,33,Non Urgent,STND
DUB,33,Non Urgent,STND
DUB,33,Non Urgent,STND
DUB,33,Non Urgent,STND
DUB,33,Non Urgent,STND
DUB,33,Non Urgent,STND
DUB,33,Non Urgent,STND
DUB,33,Non Urgent,STND
DUB,32,Non Urgent,STND
DUB,32,Non Urgent,STND
DUB,32,Non Urgent,STND
DUB,32,Non Urgent,STND
DUB,32,Non Urgent,STND
JRC,31,Non Urgent,ENH
JRC,31,Non Urgent,ENH
JRC,31,Non Urgent,ENH
JRC,31,Non Urgent,ENH
JRC,31,Non Urgent,ENH
JRC,31,Non Urgent,ENH
JRC,31,Non Urgent,ENH
DUB,31,Non Urgent,STND
DUB,31,Non Urgent,STND
DUB,31,Non Urgent,STND
DUB,31,Non Urgent,STND
DUB,31,Non Urgent,STND
DUB,31,Non Urgent,STND
DUB,31,Non Urgent,STND
DUB,31,Non Urgent,STND
DUB,31,Non Urgent,STND
DUB,31,Non Urgent,STND
DUB,31,Non Urgent,STND
DUB,31,Non Urgent,STND
DUB,31,Non Urgent,STND
AMS,31,Non Urgent,ENH
JRC,30,Urgent,ENH
JRC,30,Urgent,ENH
JRC,30,Non Urgent,ENH
JRC,30,Non Urgent,ENH
DUB,30,Urgent,STND
DUB,30,Non Urgent,STND
DUB,30,Non Urgent,STND
DUB,30,Non Urgent,STND
JRC,29,Urgent,ENH
JRC,29,Non Urgent,ENH
JRC,29,Non Urgent,ENH
JRC,29,Non Urgent,ENH
DUB,29,Non Urgent,STND
DUB,29,Non Urgent,STND
AMS,29,Non Urgent,ENH
JRC,28,Urgent,ENH
JRC,28,Urgent,ENH
JRC,28,Non Urgent,ENH
JRC,28,Non Urgent,ENH
JRC,28,Non Urgent,ENH
DUB,28,Urgent,STND
DUB,28,Urgent,STND
DUB,28,Urgent,STND
DUB,28,Urgent,STND
DUB,28,Non Urgent,STND
DUB,28,Non Urgent,STND
DUB,28,Non Urgent,STND
DUB,28,Non Urgent,STND
AMS,28,Non Urgent,ENH
AMS,28,Non Urgent,ENH
AMS,28,Non Urgent,ENH
JRC,27,Urgent,ENH
JRC,27,Non Urgent,ENH
JRC,27,Non Urgent,ENH
JRC,27,Non Urgent,ENH
JRC,27,Non Urgent,ENH
DUB,27,Urgent,STND
DUB,27,Urgent,STND
DUB,27,Urgent,STND
DUB,27,Urgent,STND
DUB,27,Urgent,STND
DUB,27,Non Urgent,STND
AMS,27,Non Urgent,ENH
AMS,27,Non Urgent,ENH
JRC,26,Urgent,ENH
JRC,26,Non Urgent,ENH
JRC,26,Non Urgent,ENH
JRC,26,Non Urgent,ENH
JRC,26,Non Urgent,ENH
DUB,26,Urgent,STND
DUB,26,Urgent,STND
DUB,26,Urgent,STND
DUB,26,Urgent,STND
DUB,26,Urgent,STND
DUB,26,Urgent,STND
DUB,26,Urgent,STND
DUB,26,Urgent,STND
DUB,26,Non Urgent,STND
DUB,26,Non Urgent,STND
AMS,26,Non Urgent,ENH
AMS,26,Non Urgent,ENH
AMS,26,Non Urgent,ENH
AMS,26,Non Urgent,ENH
JRC,25,Urgent,ENH
JRC,25,Urgent,ENH
JRC,25,Urgent,ENH
JRC,25,Urgent,ENH
JRC,25,Non Urgent,ENH
JRC,25,Non Urgent,ENH
DUB,25,Urgent,STND
DUB,25,Urgent,STND
DUB,25,Urgent,STND
DUB,25,Urgent,STND
DUB,25,Urgent,STND
DUB,25,Urgent,STND
DUB,25,Urgent,STND
DUB,25,Urgent,STND
DUB,25,Urgent,STND
DUB,25,Urgent,STND
DUB,25,Urgent,STND
DUB,25,Urgent,STND
DUB,25,Urgent,STND
DUB,25,Non Urgent,STND
DUB,25,Non Urgent,STND
AMS,25,Non Urgent,ENH
AMS,25,Non Urgent,ENH
JRC,24,Urgent,ENH
JRC,24,Urgent,ENH
JRC,24,Urgent,ENH
JRC,24,Non Urgent,ENH
JRC,24,Non Urgent,ENH
JRC,24,Non Urgent,ENH
JRC,24,Non Urgent,ENH
JRC,24,Non Urgent,ENH
DUB,24,Urgent,STND
DUB,24,Urgent,STND
DUB,24,Urgent,STND
DUB,24,Urgent,STND
DUB,24,Urgent,STND
DUB,24,Urgent,STND
DUB,24,Urgent,STND
DUB,24,Urgent,STND
DUB,24,Urgent,STND
DUB,24,Urgent,STND
DUB,24,Urgent,STND
DUB,24,Urgent,STND
DUB,24,Urgent,STND
DUB,24,Urgent,STND
DUB,24,Urgent,STND
DUB,24,Urgent,STND
DUB,24,Urgent,STND
DUB,24,Non Urgent,STND
AMS,24,Non Urgent,ENH
AMS,24,Non Urgent,ENH
AMS,24,Non Urgent,ENH
AMS,24,Non Urgent,ENH
AMS,24,Non Urgent,ENH
AMS,24,Non Urgent,ENH
JRC,23,Urgent,ENH
JRC,23,Urgent,ENH
JRC,23,Urgent,ENH
JRC,23,Urgent,ENH
JRC,23,Urgent,ENH
JRC,23,Urgent,ENH
JRC,23,Urgent,ENH
JRC,23,Urgent,ENH
JRC,23,Urgent,ENH
JRC,23,Non Urgent,ENH
JRC,23,Non Urgent,ENH
DUB,23,Urgent,STND
DUB,23,Urgent,STND
DUB,23,Urgent,STND
DUB,23,Urgent,STND
DUB,23,Urgent,STND
DUB,23,Urgent,STND
DUB,23,Urgent,STND
DUB,23,Urgent,STND
DUB,23,Urgent,STND
AMS,23,Non Urgent,ENH
AMS,23,Non Urgent,ENH
AMS,23,Non Urgent,ENH
JRC,22,Urgent,ENH
JRC,22,Urgent,ENH
JRC,22,Urgent,ENH
JRC,22,Urgent,ENH
JRC,22,Urgent,ENH
JRC,22,Non Urgent,ENH
JRC,22,Non Urgent,ENH
DUB,22,Urgent,STND
DUB,22,Urgent,STND
DUB,22,Non Urgent,STND
DUB,22,Non Urgent,STND
AMS,22,Non Urgent,ENH
AMS,22,Non Urgent,ENH
AMS,22,Non Urgent,ENH
AMS,22,Non Urgent,ENH
AMS,22,Non Urgent,ENH
AMS,22,Non Urgent,ENH
AMS,22,Non Urgent,ENH
AMS,22,Non Urgent,ENH
JRC,21,Urgent,ENH
JRC,21,Urgent,ENH
JRC,21,Urgent,ENH
JRC,21,Urgent,ENH
JRC,21,Urgent,ENH
JRC,21,Urgent,ENH
JRC,21,Urgent,ENH
JRC,21,Non Urgent,ENH
JRC,21,Non Urgent,ENH
JRC,21,Non Urgent,ENH
DUB,21,Urgent,STND
DUB,21,Urgent,STND
AMS,21,Non Urgent,ENH
AMS,21,Non Urgent,ENH
AMS,21,Non Urgent,ENH
AMS,21,Non Urgent,ENH
AMS,21,Non Urgent,ENH
AMS,21,Non Urgent,ENH
AMS,21,Non Urgent,ENH
JRC,20,Urgent,ENH
JRC,20,Urgent,ENH
JRC,20,Urgent,ENH
JRC,20,Urgent,ENH
JRC,20,Urgent,ENH
JRC,20,Non Urgent,ENH
JRC,20,Non Urgent,ENH
DUB,20,Urgent,STND
AMS,20,Non Urgent,ENH
AMS,20,Non Urgent,ENH
AMS,20,Non Urgent,ENH
AMS,20,Non Urgent,ENH
AMS,20,Non Urgent,ENH
AMS,20,Non Urgent,ENH
AMS,20,Non Urgent,ENH
AMS,20,Non Urgent,ENH
AMS,20,Non Urgent,ENH
AMS,20,Non Urgent,ENH
AMS,20,Non Urgent,ENH
AMS,20,Non Urgent,ENH
JRC,19,Urgent,ENH
JRC,19,Urgent,ENH
JRC,19,Urgent,ENH
JRC,19,Urgent,ENH
JRC,19,Non Urgent,ENH
JRC,19,Non Urgent,ENH
DUB,19,Urgent,STND
AMS,19,Non Urgent,ENH
AMS,19,Non Urgent,ENH
AMS,19,Non Urgent,ENH
AMS,19,Non Urgent,ENH
AMS,19,Non Urgent,ENH
AMS,19,Non Urgent,ENH
AMS,19,Non Urgent,ENH
AMS,19,Non Urgent,ENH
AMS,19,Non Urgent,ENH
JRC,18,Urgent,ENH
JRC,18,Urgent,ENH
JRC,18,Urgent,ENH
JRC,18,Urgent,ENH
JRC,18,Urgent,ENH
JRC,18,Urgent,ENH
JRC,18,Urgent,ENH
JRC,18,Non Urgent,ENH
JRC,18,Non Urgent,ENH
JRC,18,Non Urgent,ENH
JRC,18,Non Urgent,ENH
JRC,18,Non Urgent,ENH
JRC,18,Non Urgent,ENH
AMS,18,Non Urgent,ENH
AMS,18,Non Urgent,ENH
AMS,18,Non Urgent,ENH
AMS,18,Non Urgent,ENH
AMS,18,Non Urgent,ENH
AMS,18,Non Urgent,ENH
AMS,18,Non Urgent,ENH
AMS,18,Non Urgent,ENH
JRC,17,Urgent,ENH
JRC,17,Urgent,ENH
JRC,17,Urgent,ENH
JRC,17,Urgent,ENH
JRC,17,Urgent,ENH
JRC,17,Urgent,ENH
JRC,17,Urgent,ENH
JRC,17,Non Urgent,ENH
JRC,17,Non Urgent,ENH
JRC,17,Non Urgent,ENH
JRC,17,Non Urgent,ENH
JRC,17,Non Urgent,ENH
AMS,17,Non Urgent,ENH
AMS,17,Non Urgent,ENH
AMS,17,Non Urgent,ENH
AMS,17,Non Urgent,ENH
AMS,17,Non Urgent,ENH
JRC,16,Urgent,ENH
JRC,16,Urgent,ENH
JRC,16,Urgent,ENH
JRC,16,Urgent,ENH
JRC,16,Urgent,ENH
JRC,16,Urgent,ENH
JRC,16,Urgent,ENH
JRC,16,Urgent,ENH
JRC,16,Urgent,ENH
JRC,16,Urgent,ENH
JRC,16,Non Urgent,ENH
JRC,16,Non Urgent,ENH
JRC,16,Non Urgent,ENH
JRC,16,Non Urgent,ENH
AMS,16,Non Urgent,ENH
AMS,16,Non Urgent,ENH
AMS,16,Non Urgent,ENH
AMS,16,Non Urgent,ENH
AMS,16,Non Urgent,ENH
AMS,16,Non Urgent,ENH
AMS,16,Non Urgent,ENH
AMS,16,Non Urgent,ENH
JRC,15,Urgent,ENH
JRC,15,Urgent,ENH
JRC,15,Urgent,ENH
JRC,15,Non Urgent,ENH
JRC,15,Non Urgent,ENH
JRC,15,Non Urgent,ENH
AMS,15,Non Urgent,ENH
AMS,15,Non Urgent,ENH
AMS,15,Non Urgent,ENH
AMS,15,Non Urgent,ENH
JRC,14,Urgent,ENH
JRC,14,Non Urgent,ENH
JRC,14,Non Urgent,ENH
AMS,14,Non Urgent,ENH
AMS,14,Non Urgent,ENH
AMS,14,Non Urgent,ENH
JRC,13,Urgent,ENH
JRC,13,Non Urgent,ENH
JRC,13,Non Urgent,ENH
AMS,13,Non Urgent,ENH
AMS,13,Non Urgent,ENH
AMS,13,Non Urgent,ENH
AMS,13,Non Urgent,ENH
AMS,13,Non Urgent,ENH
JRC,12,Urgent,ENH
JRC,12,Urgent,ENH
JRC,12,Urgent,ENH
JRC,12,Urgent,ENH
JRC,12,Urgent,ENH
JRC,12,Non Urgent,ENH
JRC,12,Non Urgent,ENH
JRC,12,Non Urgent,ENH
AMS,12,Non Urgent,ENH
JRC,11,Urgent,ENH
JRC,11,Non Urgent,ENH
JRC,11,Non Urgent,ENH
JRC,11,Non Urgent,ENH
AMS,11,Non Urgent,ENH
AMS,11,Non Urgent,ENH
JRC,10,Non Urgent,ENH
JRC,10,Non Urgent,ENH
JRC,10,Non Urgent,ENH
AMS,10,Non Urgent,ENH
AMS,10,Non Urgent,ENH
JRC,9,Urgent,ENH
JRC,9,Non Urgent,ENH
JRC,9,Non Urgent,ENH
JRC,9,Non Urgent,ENH
JRC,9,Non Urgent,ENH
AMS,9,Non Urgent,ENH
JRC,8,Non Urgent,ENH
JRC,8,Non Urgent,ENH
JRC,8,Non Urgent,ENH
JRC,7,Non Urgent,ENH
AMS,7,Non Urgent,ENH
JRC,6,Non Urgent,ENH
JRC,6,Non Urgent,ENH
JRC,6,Non Urgent,ENH
AMS,6,Non Urgent,ENH
AMS,6,Non Urgent,ENH
JRC,5,Non Urgent,ENH
JRC,5,Non Urgent,ENH
JRC,4,Non Urgent,ENH
JRC,3,Non Urgent,ENH
JRC,1,Non Urgent,ENH
